{"cameraMode":{"drawMode":0,"name":"Shaded","section":"Shading Mode"},"sceneLighting":false,"audioPlay":false,"sceneViewState":{"m_AlwaysRefresh":false,"showFog":true,"showSkybox":false,"showFlares":true,"showImageEffects":true,"showParticleSystems":true,"showVisualEffectGraphs":true,"m_FxEnabled":true},"in2DMode":false,"pivot":{"x":0.44747239351272585,"y":4.180121898651123,"z":-0.8325307369232178},"rotation":{"x":0.09349039196968079,"y":0.8989214301109314,"z":-0.3602612316608429,"w":0.23180319368839265},"size":1.2791943550109864,"orthographic":false}